{
"thorback":{
"sounds":[{"name":"custom/thorback","stream":true}],"category":"master"},
"thorskill2":{
"sounds":[{"name":"custom/thorskill2","stream":true}],"category":"master"},
"thorattack":{
"sounds":[{"name":"custom/thorattack","stream":true}],"category":"master"},
"thordrop":{
"sounds":[{"name":"custom/thordrop","stream":true}],"category":"master"},
"thorspin":{
"sounds":[{"name":"custom/thorspin","stream":true}],"category":"master"},
"change":{
"sounds":[{"name":"custom/change","stream":true}],"category":"master"},
"thorthrow":{
"sounds":[{"name":"custom/thorthrow","stream":true}],"category":"master"}
}