{
    "parent": "item/handheld",
    "textures": {
        "layer0": "item/carrot_on_a_stick"
    },
	"overrides": [

        {"predicate": {"custom_model_data": 1},"model": "item/thanosempty"},
        {"predicate": {"custom_model_data": 2},"model": "item/thanosfull"},
        {"predicate": {"custom_model_data": 3},"model": "item/time"},
        {"predicate": {"custom_model_data": 4},"model": "item/mind"},
        {"predicate": {"custom_model_data": 5},"model": "item/power"},
        {"predicate": {"custom_model_data": 6},"model": "item/reality"},
        {"predicate": {"custom_model_data": 7},"model": "item/soul"},
        {"predicate": {"custom_model_data": 8},"model": "item/space"}
	]
}