{
	"credit": "Made with Blockbench",
	"textures": {
		"0": "custom/gauntlet",
		"1": "custom/stones",
		"particle": "custom/gauntlet"
	},
	"elements": [
		{
			"from": [2, 1, 0],
			"to": [11, 8, 16],
			"faces": {
				"north": {"uv": [1.5, 10.5, 6.75, 14.5], "texture": "#0"},
				"east": {"uv": [1.5, 10.5, 6.75, 14.5], "texture": "#0"},
				"south": {"uv": [1.5, 10.5, 6.75, 14.5], "texture": "#0"},
				"west": {"uv": [1.5, 10.5, 6.75, 14.5], "texture": "#0"},
				"up": {"uv": [1.5, 10.5, 6.75, 14.5], "texture": "#0"},
				"down": {"uv": [1.5, 10.5, 6.75, 14.5], "texture": "#0"}
			}
		},
		{
			"from": [1.00088, 0.99738, 0.00174],
			"to": [2.00088, 7.99738, 16.00174],
			"faces": {
				"north": {"uv": [11, 2.75, 11.5, 3.25], "rotation": 270, "texture": "#0"},
				"east": {"uv": [11, 2.75, 11.5, 3.25], "rotation": 270, "texture": "#0"},
				"south": {"uv": [11, 2.75, 11.5, 3.25], "rotation": 270, "texture": "#0"},
				"west": {"uv": [10, 0, 16, 11.75], "rotation": 270, "texture": "#0"},
				"up": {"uv": [11, 2.75, 11.5, 3.25], "rotation": 270, "texture": "#0"},
				"down": {"uv": [11, 2.75, 11.5, 3.25], "rotation": 270, "texture": "#0"}
			}
		},
		{
			"from": [11.00613, 0.98865, 0.00521],
			"to": [12.00613, 7.98865, 16.00521],
			"faces": {
				"north": {"uv": [11, 2.75, 11.5, 3.25], "rotation": 90, "texture": "#0"},
				"east": {"uv": [10, 0, 16, 11.75], "rotation": 90, "texture": "#0"},
				"south": {"uv": [11, 2.75, 11.5, 3.25], "rotation": 90, "texture": "#0"},
				"west": {"uv": [11, 2.75, 11.5, 3.25], "rotation": 270, "texture": "#0"},
				"up": {"uv": [11, 2.75, 11.5, 3.25], "rotation": 90, "texture": "#0"},
				"down": {"uv": [11, 2.75, 11.5, 3.25], "rotation": 270, "texture": "#0"}
			}
		},
		{
			"from": [2.01309, -0.0026, -0.0105],
			"to": [11.01309, 0.9974, 15.9895],
			"faces": {
				"north": {"uv": [11, 2.75, 11.5, 3.25], "rotation": 180, "texture": "#0"},
				"east": {"uv": [11, 2.75, 11.5, 3.25], "rotation": 180, "texture": "#0"},
				"south": {"uv": [11, 2.75, 11.5, 3.25], "texture": "#0"},
				"west": {"uv": [11, 2.75, 11.5, 3.25], "texture": "#0"},
				"up": {"uv": [11, 2.75, 11.5, 3.25], "rotation": 180, "texture": "#0"},
				"down": {"uv": [10, 0, 16, 11.75], "rotation": 180, "texture": "#0"}
			}
		},
		{
			"from": [2.01309, 7.9974, -0.0105],
			"to": [11.01309, 8.9974, 15.9895],
			"faces": {
				"north": {"uv": [11, 2.75, 11.5, 3.25], "texture": "#0"},
				"east": {"uv": [11, 2.75, 11.5, 3.25], "rotation": 180, "texture": "#0"},
				"south": {"uv": [11, 2.75, 11.5, 3.25], "rotation": 180, "texture": "#0"},
				"west": {"uv": [11, 2.75, 11.5, 3.25], "rotation": 180, "texture": "#0"},
				"up": {"uv": [10, 0, 16, 11.75], "texture": "#0"},
				"down": {"uv": [11, 2.75, 11.5, 3.25], "rotation": 180, "texture": "#0"}
			}
		},
		{
			"from": [12.00613, 0.98865, 8.00521],
			"to": [13.00613, 7.98865, 16.00521],
			"faces": {
				"north": {"uv": [10, 4.75, 16, 5.75], "rotation": 90, "texture": "#0"},
				"east": {"uv": [10, 5, 16, 11.75], "rotation": 90, "texture": "#0"},
				"south": {"uv": [11, 2.75, 11.5, 3.25], "rotation": 90, "texture": "#0"},
				"west": {"uv": [11, 2.75, 11.5, 3.25], "rotation": 270, "texture": "#0"},
				"up": {"uv": [11, 2.75, 11.5, 3.25], "rotation": 90, "texture": "#0"},
				"down": {"uv": [11, 2.75, 11.5, 3.25], "rotation": 270, "texture": "#0"}
			}
		},
		{
			"from": [2.01309, 8.9974, 6.9895],
			"to": [11.01309, 9.9974, 15.9895],
			"faces": {
				"north": {"uv": [10, 4.75, 16, 5.75], "texture": "#0"},
				"east": {"uv": [11, 2.75, 11.5, 3.25], "rotation": 180, "texture": "#0"},
				"south": {"uv": [11, 2.75, 11.5, 3.25], "rotation": 180, "texture": "#0"},
				"west": {"uv": [11, 2.75, 11.5, 3.25], "rotation": 180, "texture": "#0"},
				"up": {"uv": [10, 5, 16, 11.75], "texture": "#0"},
				"down": {"uv": [11, 2.75, 11.5, 3.25], "rotation": 180, "texture": "#0"}
			}
		},
		{
			"from": [0.00088, 0.99738, 7.00174],
			"to": [1.00088, 7.99738, 16.00174],
			"faces": {
				"north": {"uv": [10, 4.75, 16, 5.75], "rotation": 270, "texture": "#0"},
				"east": {"uv": [11, 2.75, 11.5, 3.25], "rotation": 270, "texture": "#0"},
				"south": {"uv": [11, 2.75, 11.5, 3.25], "rotation": 270, "texture": "#0"},
				"west": {"uv": [10, 5, 16, 11.75], "rotation": 270, "texture": "#0"},
				"up": {"uv": [11, 2.75, 11.5, 3.25], "rotation": 270, "texture": "#0"},
				"down": {"uv": [11, 2.75, 11.5, 3.25], "rotation": 270, "texture": "#0"}
			}
		},
		{
			"from": [2.01309, -1.0026, 6.9895],
			"to": [11.01309, -0.0026, 15.9895],
			"faces": {
				"north": {"uv": [10, 4.5, 16, 5.75], "rotation": 180, "texture": "#0"},
				"east": {"uv": [11, 2.75, 11.5, 3.25], "rotation": 180, "texture": "#0"},
				"south": {"uv": [11, 2.75, 11.5, 3.25], "texture": "#0"},
				"west": {"uv": [11, 2.75, 11.5, 3.25], "texture": "#0"},
				"up": {"uv": [11, 2.75, 11.5, 3.25], "rotation": 180, "texture": "#0"},
				"down": {"uv": [10, 5, 16, 11.75], "rotation": 180, "texture": "#0"}
			}
		},
		{
			"from": [1, 0, -10],
			"to": [12, 9, 0],
			"faces": {
				"north": {"uv": [1.5, 10.5, 6.75, 14.5], "texture": "#0"},
				"east": {"uv": [2, 10.5, 3.75, 16], "texture": "#0"},
				"south": {"uv": [1.5, 10.5, 6.75, 14.5], "texture": "#0"},
				"west": {"uv": [4.5, 10.5, 6.5, 16], "texture": "#0"},
				"up": {"uv": [0, 7.25, 8.25, 16], "texture": "#0"},
				"down": {"uv": [1.5, 10.5, 6.75, 14.5], "texture": "#0"}
			}
		},
		{
			"from": [0.97297, 0.02268, -11.99561],
			"to": [3.47297, 9.02268, -9.99561],
			"faces": {
				"north": {"uv": [0, 0.25, 2.25, 7], "rotation": 180, "texture": "#0"},
				"east": {"uv": [0, 0.25, 2.25, 7], "rotation": 180, "texture": "#0"},
				"south": {"uv": [0, 0.25, 2.25, 7], "rotation": 180, "texture": "#0"},
				"west": {"uv": [0, 0.25, 2.25, 4.75], "texture": "#0"},
				"up": {"uv": [0, 0.25, 2.25, 2.75], "rotation": 180, "texture": "#0"},
				"down": {"uv": [0, 0.25, 2.25, 2.75], "texture": "#0"}
			}
		},
		{
			"from": [3.9, 2.02268, -11.99561],
			"to": [6.4, 9.02268, -9.99561],
			"faces": {
				"north": {"uv": [2, 0, 4.25, 6.75], "rotation": 180, "texture": "#0"},
				"east": {"uv": [0, 0.25, 2.25, 7], "rotation": 180, "texture": "#0"},
				"south": {"uv": [0, 0.25, 2.25, 7], "rotation": 180, "texture": "#0"},
				"west": {"uv": [0, 0.25, 2.25, 7], "texture": "#0"},
				"up": {"uv": [0, 0.25, 2.25, 2.75], "rotation": 180, "texture": "#0"},
				"down": {"uv": [0, 0.25, 2.25, 2.75], "texture": "#0"}
			}
		},
		{
			"from": [6.8, 2.02268, -11.99561],
			"to": [9.3, 9.02268, -9.99561],
			"faces": {
				"north": {"uv": [4, 0, 6.25, 7], "rotation": 180, "texture": "#0"},
				"east": {"uv": [0, 0.25, 2.25, 7], "rotation": 180, "texture": "#0"},
				"south": {"uv": [0, 0.25, 2.25, 7], "rotation": 180, "texture": "#0"},
				"west": {"uv": [0, 0.25, 2.25, 7], "texture": "#0"},
				"up": {"uv": [0, 0.25, 2.25, 2.75], "rotation": 180, "texture": "#0"},
				"down": {"uv": [0, 0.25, 2.25, 2.75], "texture": "#0"}
			}
		},
		{
			"from": [9.6, 0.02268, -11.99561],
			"to": [12.1, 9.02268, -9.99561],
			"faces": {
				"north": {"uv": [6, 0.25, 8.25, 7], "rotation": 180, "texture": "#0"},
				"east": {"uv": [0, 0.25, 2.25, 4.75], "rotation": 180, "texture": "#0"},
				"south": {"uv": [0, 0.25, 2.25, 7], "rotation": 180, "texture": "#0"},
				"west": {"uv": [0, 0.25, 2.25, 7], "texture": "#0"},
				"up": {"uv": [0, 0.25, 2.25, 2.75], "rotation": 180, "texture": "#0"},
				"down": {"uv": [0, 0.25, 2.25, 2.75], "texture": "#0"}
			}
		},
		{
			"from": [11.98078, 4.03319, -6.01391],
			"to": [14.98078, 7.03319, -1.01391],
			"faces": {
				"north": {"uv": [8, 0, 10.25, 2.75], "rotation": 90, "texture": "#0"},
				"east": {"uv": [8, 2.75, 10.25, 7], "rotation": 90, "texture": "#0"},
				"south": {"uv": [8, 0, 10.25, 2.75], "rotation": 90, "texture": "#0"},
				"west": {"uv": [8, 0, 10.25, 2.75], "rotation": 90, "texture": "#0"},
				"up": {"uv": [8, 0, 10.25, 2.75], "rotation": 90, "texture": "#0"},
				"down": {"uv": [8, 0, 10.25, 2.75], "rotation": 90, "texture": "#0"}
			}
		},
		{
			"from": [10.97555, 4.03842, -11.0139],
			"to": [13.97555, 7.03842, -6.0139],
			"rotation": {"angle": 22.5, "axis": "y", "origin": [13.47555, 5.53842, -8.5139]},
			"faces": {
				"north": {"uv": [8, 0, 10.25, 2.75], "rotation": 90, "texture": "#0"},
				"east": {"uv": [8, 0, 10.25, 2.75], "rotation": 90, "texture": "#0"},
				"south": {"uv": [8, 0, 10.25, 2.75], "rotation": 90, "texture": "#0"},
				"west": {"uv": [8, 0, 10.25, 2.75], "rotation": 90, "texture": "#0"},
				"up": {"uv": [8, 0, 10.25, 2.75], "rotation": 90, "texture": "#0"},
				"down": {"uv": [8, 0, 10.25, 2.75], "rotation": 90, "texture": "#0"}
			}
		},
		{
			"from": [3.9, 0.02268, -11.99561],
			"to": [6.4, 2.02268, -9.99561],
			"faces": {
				"north": {"uv": [0, 0.25, 2.25, 2.75], "rotation": 180, "texture": "#0"},
				"east": {"uv": [0, 0.25, 2.25, 2.75], "rotation": 180, "texture": "#0"},
				"south": {"uv": [0, 0.25, 2.25, 2.75], "rotation": 180, "texture": "#0"},
				"west": {"uv": [0, 0.25, 2.25, 2.75], "rotation": 180, "texture": "#0"},
				"up": {"uv": [0, 0.25, 2.25, 2.75], "rotation": 180, "texture": "#0"},
				"down": {"uv": [0, 0.25, 2.25, 2.75], "rotation": 180, "texture": "#0"}
			}
		},
		{
			"from": [6.8, 0.02268, -11.99561],
			"to": [9.3, 2.02268, -9.99561],
			"faces": {
				"north": {"uv": [0, 0.25, 2.25, 2.75], "rotation": 180, "texture": "#0"},
				"east": {"uv": [0, 0.25, 2.25, 2.75], "rotation": 180, "texture": "#0"},
				"south": {"uv": [0, 0.25, 2.25, 2.75], "rotation": 180, "texture": "#0"},
				"west": {"uv": [0, 0.25, 2.25, 2.75], "rotation": 180, "texture": "#0"},
				"up": {"uv": [0, 0.25, 2.25, 2.75], "rotation": 180, "texture": "#0"},
				"down": {"uv": [0, 0.25, 2.25, 2.75], "rotation": 180, "texture": "#0"}
			}
		},
		{
			"from": [7.6, 7, -8.8],
			"to": [8.6, 8, -7.8],
			"faces": {
				"north": {"uv": [10.25, 2.25, 12.75, 6.25], "texture": "#1"},
				"east": {"uv": [10.25, 2.25, 12.75, 6.25], "texture": "#1"},
				"south": {"uv": [10.25, 2.25, 12.75, 6.25], "texture": "#1"},
				"west": {"uv": [10.25, 2.25, 12.75, 6.25], "texture": "#1"},
				"up": {"uv": [10.25, 2.25, 12.75, 6.25], "texture": "#1"},
				"down": {"uv": [10.25, 2.25, 12.75, 6.25], "texture": "#1"}
			}
		},
		{
			"from": [2, 7, -8.8],
			"to": [3, 8, -7.8],
			"faces": {
				"north": {"uv": [2.25, 2.25, 4.75, 6.25], "texture": "#1"},
				"east": {"uv": [2.25, 2.25, 4.75, 6.25], "texture": "#1"},
				"south": {"uv": [2.25, 2.25, 4.75, 6.25], "texture": "#1"},
				"west": {"uv": [2.25, 2.25, 4.75, 6.25], "texture": "#1"},
				"up": {"uv": [2.25, 2.25, 4.75, 6.25], "texture": "#1"},
				"down": {"uv": [2.25, 2.25, 4.75, 6.25], "texture": "#1"}
			}
		},
		{
			"from": [4.3, 7, -8.8],
			"to": [5.3, 8, -7.8],
			"faces": {
				"north": {"uv": [6.25, 2.25, 8.75, 6.25], "texture": "#1"},
				"east": {"uv": [6.25, 2.25, 8.75, 6.25], "texture": "#1"},
				"south": {"uv": [6.25, 2.25, 8.75, 6.25], "texture": "#1"},
				"west": {"uv": [6.25, 2.25, 8.75, 6.25], "texture": "#1"},
				"up": {"uv": [6.25, 2.25, 8.75, 6.25], "texture": "#1"},
				"down": {"uv": [6.25, 2.25, 8.75, 6.25], "texture": "#1"}
			}
		},
		{
			"from": [10, 7, -8.8],
			"to": [11, 8, -7.8],
			"faces": {
				"north": {"uv": [2.25, 8, 4.75, 12], "texture": "#1"},
				"east": {"uv": [2.25, 8, 4.75, 12], "texture": "#1"},
				"south": {"uv": [2.25, 8, 4.75, 12], "texture": "#1"},
				"west": {"uv": [2.25, 8, 4.75, 12], "texture": "#1"},
				"up": {"uv": [2.25, 8, 4.75, 12], "texture": "#1"},
				"down": {"uv": [2.25, 8, 4.75, 12], "texture": "#1"}
			}
		},
		{
			"from": [5.7, 9, -5.4],
			"to": [7.2, 10, -2.9],
			"faces": {
				"north": {"uv": [6.25, 8, 8.75, 12], "texture": "#1"},
				"east": {"uv": [6.25, 8, 8.75, 12], "texture": "#1"},
				"south": {"uv": [6.25, 8, 8.75, 12], "texture": "#1"},
				"west": {"uv": [6.25, 8, 8.75, 12], "texture": "#1"},
				"up": {"uv": [6.25, 8, 8.75, 12], "texture": "#1"},
				"down": {"uv": [6.25, 8, 8.75, 12], "texture": "#1"}
			}
		},
		{
			"from": [13, 5, -3.3],
			"to": [14, 6, -2.3],
			"faces": {
				"north": {"uv": [10.25, 8, 12.75, 12], "texture": "#1"},
				"east": {"uv": [10.25, 8, 12.75, 12], "texture": "#1"},
				"south": {"uv": [10.25, 8, 12.75, 12], "texture": "#1"},
				"west": {"uv": [10.25, 8, 12.75, 12], "texture": "#1"},
				"up": {"uv": [10.25, 8, 12.75, 12], "texture": "#1"},
				"down": {"uv": [10.25, 8, 12.75, 12], "texture": "#1"}
			}
		}
	],
	"display": {
		"thirdperson_righthand": {
			"translation": [1, -0.25, 4.5],
			"scale": [0.5, 0.5, 0.35]
		},
		"thirdperson_lefthand": {
			"translation": [-0.75, 0, 4.5],
			"scale": [0.5, 0.6, 0.35]
		},
		"firstperson_righthand": {
			"rotation": [23, 10, 1],
			"translation": [4, 1.75, 6.5]
		},
		"firstperson_lefthand": {
			"rotation": [23, 10, 1],
			"translation": [4, 1.75, 6.5]
		},
		"ground": {
			"scale": [0.5, 0.5, 0.5]
		},
		"gui": {
			"rotation": [38, -21, 5],
			"translation": [-0.5, -0.25, 0],
			"scale": [0.5, 0.5, 0.5]
		},
		"fixed": {
			"rotation": [-90, 180, 0],
			"translation": [-0.5, -5.75, -4.75]
		}
	},
	"groups": [0, 1, 2, 3, 4, 5, 6, 7, 8, 9, 10, 11, 12, 13, 14, 15, 16, 17,
		{
			"name": "group",
			"children": [18, 19, 20, 21, 22, 23]
		}
	]
}